DOUBLEZERO (2Z) — ECONOMIC MODEL,,,,,,
,,,,,,
============================,,,,,,
БЛОК 1: ВХОДНЫЕ ПАРАМЕТРЫ,,,,,,
============================,,,,,,
,,,,,,
Параметр,Значение,Единица,Источник,,
,,,,,,
--- Токен ---,,,,,,
Total Supply,"10,000,000,000",2Z,Tokenomics disclosure,,
Circulating Supply,"3,470,000,000",2Z,"CoinGecko, Mar 2026",,
Текущая цена,0.077,$/2Z,"CoinGecko, Mar 2026",,
Market Cap,"267,190,000",$,= Circulating × Price,,
FDV,"770,000,000",$,= Total Supply × Price,,
,,,,,,
--- Solana Ecosystem ---,,,,,,
SOL Price,178,$,Примерная цена,,
Total Staked SOL,"400,000,000",SOL,,,
Solana Staking APY,6.8%,%,Helius,,
Annual Validator Revenue (total),"400,000,000",$,Helius / ChainCatcher,,
,,,,,,
--- DoubleZero Network ---,,,,,,
% Solana Stakeweight on DZ,40%,%,"Mar 2026, official",,
Fiber Links,70+,links,Official site,,
Validators on DZ,300+,validators,Official site,,
,,,,,,
--- dzSOL ---,,,,,,
dzSOL TVL,"705,000,000",$,On-chain,,
Staking Commission Rate,7%,%,Стандартная комиссия,,
,,,,,,
--- Edge Pricing Assumptions ---,,,,,,
Edge подписчиков (Bear),200,traders,Оценка,,
Edge подписчиков (Base),500,traders,Оценка,,
Edge подписчиков (Bull),"1,500",traders,Оценка,,
Avg подписка/мес (Bear),"3,000",$/мес,Аналог: NYSE data feed low-end,,
Avg подписка/мес (Base),"5,000",$/мес,Аналог: NYSE/NASDAQ mid-range,,
Avg подписка/мес (Bull),"8,000",$/мес,Аналог: premium HFT data feed,,
,,,,,,
--- Burn Mechanics ---,,,,,,
% fees burned,100%,%,Whitepaper,,
% reminted to contributors,50%,%,Whitepaper,,
Net deflation (% of fees),50%,%,= 100% - 50%,,
,,,,,,
,,,,,,
============================,,,,,,
БЛОК 2: REVENUE MODEL,,,,,,
============================,,,,,,
,,,,,,
Revenue Stream,Bear,Base,Bull,Формула,
,,,,,,
--- Edge Market Data ---,,,,,,
Подписчики,200,500,"1,500",(из входных параметров),
Avg $/мес,"3,000","5,000","8,000",(из входных параметров),
Monthly Edge Revenue,"600,000","2,500,000","12,000,000",= подписчики × avg $/мес,
Annual Edge Revenue (ARR),"7,200,000","30,000,000","144,000,000",= monthly × 12,
,,,,,,
--- dzSOL Staking ---,,,,,,
dzSOL TVL,"705,000,000","705,000,000","705,000,000",(текущий),
Staking APY,6.8%,6.8%,6.8%,,
Gross Staking Yield,"47,940,000","47,940,000","47,940,000",= TVL × APY,
Commission Rate,7%,7%,7%,,
dzSOL Commission Revenue,"3,355,800","3,355,800","3,355,800",= Gross Yield × Commission,
,,,,,,
--- dzSOL Growth Scenario ---,,,,,,
dzSOL TVL (projected),"705,000,000","1,200,000,000","2,000,000,000",Текущий / рост / агрессивный рост,
dzSOL Revenue (projected),"3,355,800","5,712,000","9,520,000",= projected TVL × APY × Commission,
,,,,,,
=== TOTAL PROTOCOL REVENUE ===,,,,,,
Edge ARR,"7,200,000","30,000,000","144,000,000",,
dzSOL Revenue (projected),"3,355,800","5,712,000","9,520,000",,
TOTAL,"10,555,800","35,712,000","153,520,000",= Edge + dzSOL,
,,,,,,
,,,,,,
============================,,,,,,
БЛОК 3: TOKEN VALUE ACCRUAL,,,,,,
============================,,,,,,
,,,,,,
Метрика,Bear,Base,Bull,Формула,
,,,,,,
Total Revenue,$,"10,555,800","35,712,000","153,520,000",(из Блока 2),
% Revenue converted to 2Z,100%,100%,100%,Assumption: all fees in 2Z,
Revenue in 2Z tokens,"137,088,312","463,792,208","1,993,766,234",= Revenue / Token Price,
,,,,,,
Tokens Burned (100%),"137,088,312","463,792,208","1,993,766,234",= все сборы сжигаются,
Tokens Reminted (50%),"68,544,156","231,896,104","996,883,117",= 50% возвращается контрибьюторам,
Net Tokens Destroyed,"68,544,156","231,896,104","996,883,117",= Burned - Reminted,
,,,,,,
Net Deflation Rate (vs Circ),1.98%,6.68%,28.73%,= Net Destroyed / Circulating Supply,
Net Deflation Rate (vs Total),0.69%,2.32%,9.97%,= Net Destroyed / Total Supply,
,,,,,,
Years to burn 10% of supply,5.06,1.50,0.35,= (Total × 10%) / Net Destroyed,
,,,,,,
,,,,,,
============================,,,,,,
БЛОК 4: VALUATION,,,,,,
============================,,,,,,
,,,,,,
--- Price/Revenue Multiple ---,,,,,,
Метрика,Bear,Base,Bull,,
Total Revenue,"10,555,800","35,712,000","153,520,000",,
,,,,,,
P/R = 15x (conservative),"158,337,000","535,680,000","2,302,800,000",Implied FDV,
P/R = 20x,"211,116,000","714,240,000","3,070,400,000",Implied FDV,
P/R = 30x,"316,674,000","1,071,360,000","4,605,600,000",Implied FDV,
P/R = 40x (growth premium),"422,232,000","1,428,480,000","6,140,800,000",Implied FDV,
P/R = 50x (high growth),"527,790,000","1,785,600,000","7,676,000,000",Implied FDV,
,,,,,,
--- Implied Token Price ---,,,,,,
(FDV / Total Supply),Bear,Base,Bull,,
P/R = 15x,0.016,0.054,0.230,$/2Z,
P/R = 20x,0.021,0.071,0.307,$/2Z,
P/R = 30x,0.032,0.107,0.461,$/2Z,
P/R = 40x,0.042,0.143,0.614,$/2Z,
P/R = 50x,0.053,0.179,0.768,$/2Z,
,,,,,,
Current price: $0.077,,,,Сравни с implied price выше,
,,,,,,
--- Upside/Downside vs Current ---,,,,,,
(% change from $0.077),Bear,Base,Bull,,
P/R = 15x,-79%,-30%,+199%,,
P/R = 20x,-73%,-7%,+299%,,
P/R = 30x,-59%,+39%,+498%,,
P/R = 40x,-45%,+86%,+697%,,
P/R = 50x,-31%,+132%,+897%,,
,,,,,,
,,,,,,
============================,,,,,,
БЛОК 5: SENSITIVITY — EDGE PRICING,,,,,,
============================,,,,,,
,,,,,,
(Annual Edge Revenue при разном кол-ве подписчиков и ценах),,,,,,
,,$2K/мес,$5K/мес,$8K/мес,$15K/мес,$25K/мес
Подписчики,100,"2,400,000","6,000,000","9,600,000","18,000,000","30,000,000"
,300,"7,200,000","18,000,000","28,800,000","54,000,000","90,000,000"
,500,"12,000,000","30,000,000","48,000,000","90,000,000","150,000,000"
,1000,"24,000,000","60,000,000","96,000,000","180,000,000","300,000,000"
,2000,"48,000,000","120,000,000","192,000,000","360,000,000","600,000,000"
,5000,"120,000,000","300,000,000","480,000,000","900,000,000","1,500,000,000"
,,,,,,
,,,,,,
============================,,,,,,
БЛОК 6: COMP TABLE — MARKET DATA БИЗНЕСЫ,,,,,,
============================,,,,,,
,,,,,,
Компания,Revenue ($/yr),Market Cap ($),P/R Multiple,Что делает,
NYSE (ICE Data Services),"3,000,000,000","80,000,000,000",27x,Market data + exchange,
NASDAQ,"2,000,000,000","40,000,000,000",20x,Market data + exchange,
Bloomberg (est.),"12,000,000,000","70,000,000,000",6x,Terminal subscriptions (private),
Refinitiv/LSEG,"7,000,000,000","65,000,000,000",9x,Financial data,
Cloudflare,"1,700,000,000","35,000,000,000",21x,Network infrastructure,
Equinix,"8,500,000,000","80,000,000,000",9x,Colocation + interconnect,
,,,,,,
Crypto-native comps:,,,,,,
Chainlink,"50,000,000","8,000,000,000",160x,Oracle data feeds,
The Graph,"15,000,000","1,500,000,000",100x,Indexing / query,
Pyth Network,"10,000,000","1,200,000,000",120x,Price feeds,
DoubleZero (current),"???","770,000,000",???,Edge + infrastructure,
,,,,,,
Вывод: Crypto P/R мультипликаторы намного выше TradFi (100-160x vs 6-27x),,,,,,
Если 2Z торгуется по крипто-мультипликаторам то даже Base сценарий ($35M rev) даёт FDV $3.5-5B+,,,,,,
,,,,,,
,,,,,,
============================,,,,,,
БЛОК 7: VESTING & UNLOCK PRESSURE,,,,,,
============================,,,,,,
,,,,,,
Категория,Tokens,% Supply,Unlock Status,Risk Level,
Foundation,"2,900,000,000",29%,Fully unlocked (mostly unmoved),HIGH — могут продать в любой момент,
Jump Crypto,"2,800,000,000",28%,"501M unlocked, rest 4yr vest",HIGH — уже продали >$20M,
Malbec Labs,"1,400,000,000",14%,"Locked, cliff Oct 2026",MEDIUM — cliff через 6 мес,
Institutions,"1,200,000,000",12%,"Locked, cliff Oct 2026",MEDIUM — cliff через 6 мес,
Team,"1,000,000,000",10%,"Locked, cliff Oct 2026",MEDIUM — cliff через 6 мес,
Contributors,"400,000,000",4%,Locked,LOW,
Builders,"200,000,000",2%,Locked,LOW,
Validators,"100,000,000",1%,70M unlocked,LOW,
,,,,,,
Oct 2026 cliff unlock (est.):,"3,600,000,000",36%,Malbec + Institutions + Team,,
Current circulating:,"3,470,000,000",35%,,,
Post-cliff circulating (est.):,"~7,000,000,000",~70%,Удвоение supply на рынке,,
,,,,,,
RISK: Если revenue не вырастет к Oct 2026 — массовый unlock при слабом спросе = давление на цену,,,,,,
